<?xml version="1.0" encoding="UTF-8"?>
<CLASSES>
	<CLASS name="java.util.HashMap">
		<CLASS name="java.lang.Long" value="441645"/>
		<CLASS name="java.util.HashMap">
			<CLASS name="java.lang.String">guiXml</CLASS>
			<CLASS name="java.lang.String">&lt;CMS_MODULE&gt;
&lt;/CMS_MODULE&gt;</CLASS>
			<CLASS name="java.lang.String">rulesetXml</CLASS>
			<CLASS name="java.lang.String">&lt;RULES&gt;
&lt;/RULES&gt;</CLASS>
			<CLASS name="java.lang.String">script_PDF - FOP_pdf</CLASS>
			<CLASS name="java.lang.String"></CLASS>
			<CLASS name="java.lang.String">viewScript</CLASS>
			<CLASS name="java.lang.String"></CLASS>
			<CLASS name="java.lang.String">guiDefaultsXml</CLASS>
			<CLASS name="java.lang.String">&lt;TEMPLATECONTENT&gt;&lt;/TEMPLATECONTENT&gt;</CLASS>
			<CLASS name="java.lang.String">script_XML_RSS</CLASS>
			<CLASS name="java.lang.String"></CLASS>
			<CLASS name="java.lang.String">script_HTML_html</CLASS>
			<CLASS name="java.lang.String">//--------------------------------------//
//	Script for exporting project resolutions into a JFrame.	//
//--------------------------------------//
import de.espirit.common.scripting.ScriptContextImpl;
import de.espirit.firstspirit.common.*;
import de.espirit.firstspirit.access.project.*;
import javax.swing.*;
import java.awt.*;
import java.awt.datatransfer.*;
import java.util.*;


//--------------------------------------//
//	     Global Variables	//
//--------------------------------------//
delimiter = ",";

// list is used for setting an order of columns
List&lt;String&gt; columnNames = new ArrayList&lt;String&gt;();
columnNames.add("uid");
columnNames.add("displayName"); // master language field
columnNames.add("description");
columnNames.add("width");
columnNames.add("height");
columnNames.add("ratio");

//--------------------------------------//
//		Start Skript	//
//--------------------------------------//
	
dialogFrame = new JFrame("Export Project Resolutions:");
dialogFrame.setSize(300,300);
dialogFrame.setLocationRelativeTo(null);
dialogFrame.getContentPane().setLayout(new BorderLayout());
textarea = new JTextArea("Export Project Resolutions:\n");
scrollPane = new JScrollPane(textarea);

dialogFrame.getContentPane().add(scrollPane,BorderLayout.CENTER);

runner = new Runnable() {
	run() {
		try {
			Project project = context.getUserService().getProject();
			for (Resolution res : project.getResolutions()) {
				String[] tokens = new String[columnNames.size()];
				tokens[columnNames.indexOf("uid")] = res.getUid();
  				tokens[columnNames.indexOf("displayName")] = res.getDisplayName(project.getMasterLanguage());
  				tokens[columnNames.indexOf("description")] = res.getDescription();
  				tokens[columnNames.indexOf("height")] = String.valueOf(res.getHeight());
  				tokens[columnNames.indexOf("width")] = String.valueOf(res.getWidth());
  				tokens[columnNames.indexOf("ratio")] = String.valueOf(res.getKeepAspectRatio());
				for (int i = 0; i &lt; tokens.length; i++) {
					String token = tokens[i];
					textarea.append(token);
					String next = (i == (tokens.length - 1))? "\n" : delimiter;
					textarea.append(next);
				}
			}
		}
		catch (Exception e) {
			textarea.append("ERROR: " + e.toString() + "\n");
			textarea.append("Stacktrace: " + e.printStackTrace()+ "\n");
		}
	}
};
(new Thread(runner)).start();
dialogFrame.setVisible(true);</CLASS>
		</CLASS>
	</CLASS>
</CLASSES>