<?xml version="1.0" encoding="UTF-8"?>
<CLASSES>
	<CLASS name="java.util.HashMap">
		<CLASS name="java.lang.Long" value="441646"/>
		<CLASS name="java.util.HashMap">
			<CLASS name="java.lang.String">guiXml</CLASS>
			<CLASS name="java.lang.String">&lt;CMS_MODULE&gt;
&lt;/CMS_MODULE&gt;</CLASS>
			<CLASS name="java.lang.String">rulesetXml</CLASS>
			<CLASS name="java.lang.String">&lt;RULES&gt;
&lt;/RULES&gt;</CLASS>
			<CLASS name="java.lang.String">script_PDF - FOP_pdf</CLASS>
			<CLASS name="java.lang.String"></CLASS>
			<CLASS name="java.lang.String">viewScript</CLASS>
			<CLASS name="java.lang.String"></CLASS>
			<CLASS name="java.lang.String">guiDefaultsXml</CLASS>
			<CLASS name="java.lang.String">&lt;TEMPLATECONTENT&gt;&lt;/TEMPLATECONTENT&gt;</CLASS>
			<CLASS name="java.lang.String">script_XML_RSS</CLASS>
			<CLASS name="java.lang.String"></CLASS>
			<CLASS name="java.lang.String">script_HTML_html</CLASS>
			<CLASS name="java.lang.String">//--------------------------------------//
//	Script fetches the content of a file on local system and imports the resolutions in to current project //
//	Existing resolutions will be overwritten / updated //
//--------------------------------------//
import de.espirit.firstspirit.access.UserService;
import de.espirit.firstspirit.client.CMSExplorer;
import de.espirit.common.scripting.ScriptContextImpl;
import de.espirit.firstspirit.common.*;
import de.espirit.common.util.CsvReader;
import de.espirit.firstspirit.access.project.*;
import java.io.File;
import java.io.StringReader;
import java.io.FilenameFilter;
import javax.swing.*;
import java.awt.*;
import java.awt.datatransfer.*;
import java.util.*;


//--------------------------------------//
//	     Global Variables	//
//--------------------------------------//
delimiter = ",";
updateFile = new File("d:\\import.txt");

// list of column order - change order according to incoming updateFile
List&lt;String&gt; columnNames = new ArrayList&lt;String&gt;();
columnNames.add("uid");
columnNames.add("displayName"); // set for master language only
columnNames.add("description");
columnNames.add("width");
columnNames.add("height");
columnNames.add("ratio");

error = false;

//--------------------------------------//
//		Start Skript	//
//--------------------------------------//

if (updateFile != null) {
	
	dialogFrame = new JFrame("Import resolutions:");
	dialogFrame.setSize(300,300);
	dialogFrame.setLocationRelativeTo(null);
	dialogFrame.getContentPane().setLayout(new BorderLayout());
	textarea = new JTextArea("Import resolutions:\n");
	scrollPane = new JScrollPane(textarea);
	
	dialogFrame.getContentPane().add(scrollPane,BorderLayout.CENTER);
	
	runner = new Runnable() {
		run() {
			try {
				file = updateFile;
				fileText = FileUtilities.fileToString(file);
				
				csvReader = new CsvReader(new StringReader(fileText));	

				// read data
				col = 0;
				row = 0;
				len = 0;
				Project project = context.getUserService().getProject();

				do {
					try {
						csvToken = csvReader.read();

						switch(csvToken.getType()) {
							case CsvReader.CsvToken.EOF:
								if (col == 0 || len == 0) {
									print("EOF col oder len ist leer");
								}
								if (error) {
									textarea.append("Import CVS File:" + updateFile + " not successfully");
								}
								else {
									textarea.append("Import CVS File:" + updateFile + " successfully");
								}
								if (JOptionPane.OK_OPTION == 0) {
									// dialogFrame.setVisible(false);
								}
								return print("FERTIG");
							case CsvReader.CsvToken.NEW_LINE:
								if (col == 0 || len == 0) {
									print ("skipping empty line");
									textarea.append("skipping empty line\n");
								}
								col = 0;
								len = 0;
							   	row++;
								break;
							case CsvReader.CsvToken.VALUE:
								value = csvToken.getValue().trim();
								if (value.length() &gt; 0) {
			  						len += value.length();
			  						value = de.espirit.firstspirit.common.StringUtil.replaceInString(value, "\"", "");
			  						String[] tokens = value.split(delimiter);
			  						uid = tokens[columnNames.indexOf("uid")];
			  						displayName = tokens[columnNames.indexOf("displayName")];
			  						description = "";
			  						height = "";
			  						width = "";
			  						ratio = "";
			  						if (columnNames.indexOf("description") &gt; -1) {
			  							description = tokens[columnNames.indexOf("description")];
			  						}
			  						if (columnNames.indexOf("height") &gt; -1) {
			  							height = tokens[columnNames.indexOf("height")];
			  						}
			  						if (columnNames.indexOf("width") &gt; -1) {
			  							width = tokens[columnNames.indexOf("width")];
			  						}
			  						if (columnNames.indexOf("ratio") &gt; -1) {
			  							ratio = tokens[columnNames.indexOf("ratio")];
			  						}
			  						project.lock();
			  						newResolution = project.createResolution(uid, description);
			  						if (displayName != null &amp;&amp; !displayName.isEmpty() &amp;&amp; displayName.equals("void")) {
			  							newResolution.setDisplayName(project.getMasterLanguage(), displayName);
			  						}
			  						if (!height.isEmpty()) {
				  						newResolution.setHeight(Integer.valueOf(height));
				  					}
			  						if (!width.isEmpty()) {
				  						newResolution.setWidth(Integer.valueOf(width));
				  					}
			  						if (!ratio.isEmpty()) {
				  						newResolution.setKeepAspectRatio(Boolean.valueOf(ratio));
				  					}
				  					project.save();
				  					project.unlock();
				  					textarea.append("New resolution saved in project: " + value + "\n");
				  				}
								col++;
								break;
						}
					} catch (Exception e) {
						if (project.isChanged()) {
							if (!project.isLocked()) {
								project.lock();
							}
							project.save();
						}
						if (project.isLocked()) {
							project.unlock();
						}
						e.printStackTrace();
						textarea.append("ERROR: " + e.toString() + "\n");
						textarea.append("Stacktrace: " + e.printStackTrace()+ "\n");
						// StringReader does not throw IOException
						error = true;
					}
				} while (true);
			} catch (Exception e) {
				if (project.isChanged()) {
					if (!project.isLocked()) {
						project.lock();
					}
					project.save();
				}
				if (project.isLocked()) {
					project.unlock();
				}
				e.printStackTrace();
				textarea.append("ERROR: " + e.toString() + "\n");
				textarea.append("Stacktrace: " + e.printStackTrace()+ "\n");
				error = true;
			}
		}
	};
	(new Thread(runner)).start();
	dialogFrame.setVisible(true);
} else {
	showError("No CSV File loaded!");
}</CLASS>
		</CLASS>
	</CLASS>
</CLASSES>